City_ID,City,Lat,Lng,Max Temp,Humidity,Cloudiness,Wind Speed,Country,Date
0,prince rupert,54.3161,-130.3201,12.05,96,100,4.12,CA,1695835399
1,jiuquan,39.7432,98.5174,14.29,25,4,3.01,CN,1695835400
2,edinburgh of the seven seas,-37.0676,-12.3116,11.54,72,46,12.71,SH,1695835400
3,yeraliyev,43.2,51.65,21.07,38,0,3.05,KZ,1695835401
4,posto fiscal rolim de moura,-13.0833,-62.2667,40.42,21,34,1.98,BR,1695835401
5,ushuaia,-54.8,-68.3,5.79,48,0,2.57,AR,1695835286
6,beihai,21.4833,109.1,26.69,88,100,5.05,CN,1695835402
7,enewetak,11.3474,162.3373,28.62,77,99,6.37,MH,1695835402
8,puerto natales,-51.7236,-72.4875,2.25,80,100,1.03,CL,1695835403
9,kalix,65.853,23.1565,11.7,98,100,6.72,SE,1695835403
10,grytviken,-54.2811,-36.5092,2.12,82,9,3.73,GS,1695835404
11,nadi,-17.8,177.4167,22.47,94,100,3.47,FJ,1695835267
12,adamstown,-25.066,-130.1015,20.93,63,99,5.24,PN,1695835386
13,waitangi,-43.9535,-176.5597,11.01,97,100,5.36,NZ,1695835400
14,tank,32.2217,70.3793,32.49,17,0,1.42,PK,1695835405
15,thompson,55.7435,-97.8558,19.09,68,75,6.17,CA,1695835406
16,weatherford,32.7593,-97.7972,33.77,40,0,0.89,US,1695835406
17,albany,42.6001,-73.9662,19.96,60,59,1.34,US,1695835407
18,ataq,14.5377,46.8319,26.46,63,47,5.24,YE,1695835407
19,mogocha,53.7333,119.7667,3.65,86,31,2.37,RU,1695835407
20,klaksvik,62.2266,-6.589,10.51,91,78,5.75,FO,1695835408
21,west island,-12.1568,96.8225,24.99,83,40,4.63,CC,1695835409
22,stanley,54.868,-1.6985,16.51,95,20,3.6,GB,1695835409
23,kalabagh,32.965,71.557,31.98,29,0,1.75,PK,1695835410
24,port-aux-francais,-49.35,70.2167,1.73,71,76,13.8,TF,1695835410
25,papatowai,-46.5619,169.4708,4.35,93,100,1.97,NZ,1695835411
26,bakanas,44.8081,76.2772,18.1,37,0,4.61,KZ,1695835412
27,tiksi,71.6872,128.8694,-2.13,70,98,2.54,RU,1695835412
28,nar'yan-mar,67.6713,53.087,7.43,90,100,7.53,RU,1695835412
29,puerto ayora,-0.7393,-90.3518,28.98,89,98,4.02,EC,1695835413
30,invercargill,-46.4,168.35,3.34,97,99,1.34,NZ,1695835367
31,rio grande,-32.035,-52.0986,17.06,73,90,8.68,BR,1695835280
32,jamestown,42.097,-79.2353,18.77,40,100,3.6,US,1695835201
33,anadyr,64.75,177.4833,5.28,86,75,4.0,RU,1695835414
34,sept-iles,50.2001,-66.3821,20.29,62,75,3.6,CA,1695835415
35,nyurba,63.2842,118.3319,4.97,65,92,3.35,RU,1695835415
36,bredasdorp,-34.5322,20.0403,13.16,81,0,5.38,ZA,1695835416
37,khandwa,21.8333,76.3333,25.98,83,66,0.84,IN,1695835417
38,georgetown,5.4112,100.3354,27.23,89,20,1.03,MY,1695835417
39,cannonvale,-20.2833,148.7,20.66,72,0,4.65,AU,1695835418
40,kingston,17.997,-76.7936,34.53,65,20,4.12,JM,1695835398
41,bethel,41.3712,-73.414,19.24,54,0,5.66,US,1695835398
42,porto novo,6.4965,2.6036,28.9,77,69,3.83,BJ,1695835419
43,ilulissat,69.2167,-51.1,1.01,64,75,2.06,GL,1695835419
44,port alfred,-33.5906,26.891,14.54,90,97,1.79,ZA,1695835420
45,malango,-2.9627,119.9001,17.69,97,100,0.84,ID,1695835420
46,iqaluit,63.7506,-68.5145,3.85,69,75,12.86,CA,1695835421
47,bamboo flat,11.7,92.7167,26.05,89,75,2.06,IN,1695835421
48,utrik,11.2278,169.8474,28.21,78,98,3.47,MH,1695835281
49,punta del este,-34.9667,-54.95,15.06,50,20,4.12,UY,1695835422
50,baharly,38.4362,57.4316,22.64,27,59,3.04,TM,1695835422
51,whangarei,-35.7317,174.3239,11.04,90,54,2.46,NZ,1695835423
52,san matias,-16.3667,-58.4,39.42,23,11,3.58,BO,1695835423
53,zhangye,38.9342,100.4517,14.9,30,19,2.6,CN,1695835423
54,san patricio,28.017,-97.5169,33.28,46,15,2.45,US,1695835424
55,bahia de caraquez,-0.6,-80.4167,29.1,71,94,3.7,EC,1695835424
56,kabalo,-6.05,26.9167,28.14,54,89,2.68,CD,1695835424
57,hami,42.8,93.45,16.07,24,0,2.35,CN,1695835425
58,wiang sa,8.6359,99.3666,23.75,93,100,1.32,TH,1695835425
59,port elizabeth,-33.918,25.5701,15.17,74,40,2.57,ZA,1695835319
60,adrar,20.5022,-10.0711,40.65,9,98,2.33,MR,1695835426
61,tofol,5.3248,163.0078,28.17,74,87,2.71,FM,1695835426
62,ushtobe,45.2514,77.9838,14.86,42,0,3.46,KZ,1695835427
63,margaret river,-33.95,115.0667,15.14,85,22,1.8,AU,1695835428
64,hermanus,-34.4187,19.2345,14.92,78,0,6.29,ZA,1695835428
65,san luis,-33.295,-66.3356,23.43,9,0,4.85,AR,1695835429
66,awjilah,29.1081,21.2869,29.26,25,0,3.54,LY,1695835429
67,green river,41.5286,-109.4662,21.22,30,16,0.45,US,1695835429
68,port mathurin,-19.6833,63.4167,23.05,71,0,8.44,MU,1695835430
69,luanda,-8.8368,13.2343,24.0,78,40,4.12,AO,1695835430
70,nouadhibou,20.931,-17.0347,26.99,57,100,8.75,MR,1695835431
71,bontang,0.1333,117.5,25.95,84,89,2.84,ID,1695835431
72,san juan cosala,20.3,-103.3667,23.16,46,21,2.27,MX,1695835431
73,astorga,-23.2325,-51.6656,30.13,29,0,8.29,BR,1695835432
74,bemidji,47.4736,-94.8803,19.38,90,100,4.12,US,1695835279
75,sao tome,0.3365,6.7273,29.02,74,75,2.06,ST,1695835433
76,kirakira,-10.4544,161.9205,26.08,86,100,5.2,SB,1695835433
77,la passe,45.5549,-0.8967,24.13,83,100,4.68,FR,1695835434
78,mount gambier,-37.8333,140.7667,8.18,97,17,2.08,AU,1695835434
79,mo i rana,66.3128,14.1428,11.85,93,75,0.0,NO,1695835176
80,hawaiian paradise park,19.5933,-154.9731,22.24,90,100,3.09,US,1695835435
81,manta,-0.95,-80.7333,28.88,61,40,4.63,EC,1695835435
82,fale old settlement,-9.3852,-171.2468,27.84,80,20,5.92,TK,1695835436
83,antonio enes,-16.2325,39.9086,25.36,78,1,6.41,MZ,1695835436
84,umm ruwaba,12.9061,31.2158,33.08,39,92,2.85,SD,1695835437
85,novo aripuana,-5.1206,-60.3797,43.92,15,4,1.45,BR,1695835437
86,ribeira grande,38.5167,-28.7,24.22,88,40,8.94,PT,1695835438
87,verkh-chebula,56.0308,87.6218,5.23,78,91,3.07,RU,1695835438
88,tchamba,9.0333,1.4167,28.97,74,48,1.41,TG,1695835438
89,ma'an,26.9775,110.7211,22.96,86,0,0.86,CN,1695835439
90,petropavlovsk-kamchatsky,53.0452,158.6483,0.33,86,0,5.0,RU,1695835439
91,mananara,-16.1667,49.7667,20.97,91,83,2.91,MG,1695835440
92,jayapura,-2.5333,140.7,24.66,86,100,1.5,ID,1695835441
93,olinda,-8.0089,-34.8553,27.85,61,20,5.66,BR,1695835441
94,ribas do rio pardo,-20.4431,-53.7592,39.0,22,17,7.07,BR,1695835441
95,pierre,44.3683,-100.351,21.51,64,0,9.77,US,1695835442
96,kenora,49.8167,-94.4337,18.54,68,40,5.14,CA,1695835443
97,swakopmund,-22.6833,14.5333,27.47,74,0,2.24,NA,1695835443
98,port saint john's,-31.6229,29.5448,18.25,62,90,6.78,ZA,1695835444
99,sandnessjoen,66.0217,12.6316,12.29,94,75,4.63,NO,1695835444
100,peterhead,57.5058,-1.7981,13.22,88,100,10.37,GB,1695835445
101,xam nua,20.4197,104.0439,20.03,100,100,0.92,LA,1695835445
102,isafjordur,66.0755,-23.124,6.02,75,75,8.23,IS,1695835446
103,ciudad lazaro cardenas,17.9583,-102.2,30.66,67,7,1.55,MX,1695835446
104,minas de marcona,-15.2119,-75.1103,16.16,73,78,6.89,PE,1695835447
105,mount isa,-20.7333,139.5,15.87,44,5,0.0,AU,1695835447
106,raholt,60.2667,11.1833,14.04,87,0,1.03,NO,1695835448
107,san antonio de pale,-1.4014,5.6325,24.66,84,39,5.01,GQ,1695835448
108,pacific grove,36.6177,-121.9166,21.61,75,0,3.58,US,1695835314
109,olonkinbyen,70.9221,-8.7187,3.32,97,100,10.41,SJ,1695835449
110,pyapon,16.2833,95.6833,24.76,96,100,2.59,MM,1695835449
111,aasiaat,68.7098,-52.8699,0.29,67,88,1.89,GL,1695835450
112,northam,51.0333,-4.2167,17.03,87,62,12.97,GB,1695835450
113,sabha,27.0377,14.4283,28.79,18,0,2.21,LY,1695835451
114,badger,64.8,-147.5333,0.93,89,100,0.0,US,1695835451
115,new norfolk,-42.7826,147.0587,11.72,89,30,1.68,AU,1695835452
116,st. john's,47.5649,-52.7093,12.1,74,100,3.09,CA,1695835452
117,burang,30.25,81.1667,5.9,74,17,1.86,CN,1695835452
118,lompoc,34.6391,-120.4579,27.57,66,20,7.2,US,1695835453
119,cavan,53.9908,-7.3606,13.36,95,98,9.33,IE,1695835250
120,san luis de la loma,17.2706,-100.8939,30.55,69,1,2.16,MX,1695835454
121,puerto baquerizo moreno,-0.9,-89.6,26.55,69,75,8.23,EC,1695835454
122,bubaque,11.2833,-15.8333,28.32,80,98,5.13,GW,1695835454
123,bilibino,68.0546,166.4372,-0.88,98,100,3.84,RU,1695835455
124,longyearbyen,78.2186,15.6401,-7.09,73,20,3.09,SJ,1695835333
125,alice springs,-23.7,133.8833,16.75,36,0,2.57,AU,1695835456
126,vorgashor,67.5833,63.95,0.27,90,94,2.24,RU,1695835456
127,aral,40.5156,81.2636,20.78,24,0,4.12,CN,1695835457
128,mukalla,14.5425,49.1242,28.97,71,26,0.86,YE,1695835457
129,manokwari,-0.8667,134.0833,25.49,83,90,1.36,ID,1695835458
130,iranshahr,27.2025,60.6848,30.19,8,0,4.12,IR,1695835458
131,colares,38.7992,-9.4469,26.82,68,0,5.14,PT,1695835459
132,mata-utu,-13.2816,-176.1745,26.83,83,12,7.88,WF,1695835459
133,veraval,20.9,70.3667,27.06,77,82,4.58,IN,1695835460
134,afaahiti,-17.75,-149.2833,23.93,88,18,6.39,PF,1695835460
135,greymouth,-42.4667,171.2,6.11,88,100,1.54,NZ,1695835461
136,vel'sk,61.0701,42.0983,10.83,87,56,2.52,RU,1695835461
137,zardob,40.2183,47.7083,21.83,33,5,4.33,AZ,1695835461
138,kirensk,57.7853,108.1119,6.61,77,100,0.72,RU,1695835462
139,guerrero negro,27.9769,-114.0611,22.93,65,33,5.87,MX,1695835462
140,darwin,-12.4611,130.8418,25.99,73,12,1.54,AU,1695835463
141,faya-largeau,17.9257,19.1043,37.32,8,1,3.97,TD,1695835463
142,nova sintra,14.8667,-24.7167,24.08,76,83,4.88,CV,1695835464
143,mahajanga,-15.7167,46.3167,26.01,83,20,2.06,MG,1695835465
144,tsiombe,-25.3,45.4833,22.22,81,2,5.77,MG,1695835465
145,coquimbo,-29.9533,-71.3436,16.85,63,0,6.17,CL,1695835465
146,lihue,21.9789,-159.3672,23.77,88,100,8.75,US,1695835218
147,kapuskasing,49.4169,-82.4331,19.05,45,40,3.6,CA,1695835466
148,luderitz,-26.6481,15.1594,21.26,40,0,6.93,NA,1695835467
149,weno,7.4515,151.8468,24.97,88,100,2.57,FM,1695835467
150,midvagur,62.0511,-7.1939,10.46,93,83,2.57,FO,1695835468
151,talnakh,69.4865,88.3972,-2.66,86,85,3.11,RU,1695835468
152,kailua-kona,19.6406,-155.9956,25.98,74,40,4.12,US,1695835469
153,nemencine,54.85,25.4833,20.19,71,1,3.14,LT,1695835469
154,malvan,16.0667,73.4667,26.42,85,51,1.98,IN,1695835470
155,bandar seri begawan,4.9403,114.9481,26.99,100,75,0.0,BN,1695835471
156,portland,45.5234,-122.6762,16.27,87,40,9.77,US,1695834989
157,grande prairie,55.1667,-118.8027,12.1,66,75,3.09,CA,1695835233
158,college,64.8569,-147.8028,0.97,88,100,0.0,US,1695835212
159,pechora,65.1472,57.2244,6.91,78,99,3.3,RU,1695835472
160,geraldton,-28.7667,114.6,21.23,78,40,2.57,AU,1695835472
161,udachny,66.4167,112.4,3.03,80,100,7.84,RU,1695835473
162,yellowknife,62.456,-114.3525,9.67,100,100,3.6,CA,1695835473
163,nuuk,64.1835,-51.7216,3.34,87,75,4.12,GL,1695835474
164,tacna,-18.0056,-70.2483,18.11,72,100,2.06,PE,1695835474
165,totness,5.8833,-56.3167,33.36,53,53,4.12,SR,1695835474
166,blackmans bay,-43.0167,147.3167,11.07,80,1,2.46,AU,1695835475
167,al muwayh,22.4333,41.7583,32.49,11,9,4.58,SA,1695835475
168,benguela,-12.5763,13.4055,22.96,82,36,3.04,AO,1695835476
169,loreto,22.2667,-101.9667,23.86,35,54,1.32,MX,1695835476
170,tura,25.5198,90.2201,24.16,92,15,1.34,IN,1695835476
171,cabo san lucas,22.8909,-109.9124,34.78,71,20,1.54,MX,1695835209
172,severo-yeniseyskiy,60.3725,93.0408,4.89,75,97,3.05,RU,1695835477
173,iskateley,67.6803,53.1512,7.3,90,100,7.55,RU,1695835477
174,joao camara,-5.5375,-35.8197,32.4,35,48,6.56,BR,1695835478
175,laminusa,5.5549,120.9136,28.65,72,28,3.85,PH,1695835478
176,vadso,70.0744,29.7487,11.49,93,75,3.09,NO,1695835479
177,bafra,41.5678,35.9069,19.5,90,0,2.32,TR,1695835479
178,san andres,12.5847,-81.7006,33.01,70,40,3.09,CO,1695835479
179,mersa matruh,31.3525,27.2453,27.11,74,0,3.6,EG,1695835346
180,lebu,-37.6167,-73.65,12.27,66,100,2.37,CL,1695835480
181,fort st. john,56.2499,-120.8529,10.94,62,100,2.57,CA,1695835309
182,bardai,11.65,7.2333,29.34,54,96,3.91,NG,1695835481
183,vila velha,-20.3297,-40.2925,31.97,66,0,5.66,BR,1695835481
184,escanaba,45.7453,-87.0646,18.98,68,40,8.23,US,1695835241
185,takoradi,4.8845,-1.7554,26.89,80,42,4.45,GH,1695835482
186,penzance,50.1186,-5.5371,18.2,81,41,15.99,GB,1695835482
187,ostrow wielkopolski,51.655,17.8069,21.41,44,34,2.57,PL,1695835483
188,at taj,24.2049,23.2857,32.84,10,1,4.21,LY,1695835483
189,namtsy,62.7161,129.6658,3.14,90,67,1.92,RU,1695835483
190,puerto colombia,10.9878,-74.9547,34.05,67,38,3.04,CO,1695835484
191,remire-montjoly,4.9167,-52.2667,33.02,58,0,4.63,GF,1695835484
192,sinj,43.7036,16.6394,23.94,54,0,3.4,HR,1695835485
193,lerwick,60.1545,-1.1494,12.0,86,100,7.72,GB,1695835485
194,alesund,62.4723,6.1549,14.63,84,40,3.09,NO,1695835485
195,sainte-anne-des-monts,49.124,-66.4924,13.93,82,21,6.69,CA,1695835251
196,langsa,4.4683,97.9683,24.53,95,100,1.18,ID,1695835487
197,wailua homesteads,22.0669,-159.378,23.44,88,100,8.75,US,1695835487
198,karagay,58.2667,54.9368,9.13,88,62,2.48,RU,1695835487
199,klyuchi,52.2667,79.1667,11.47,37,94,3.55,RU,1695835488
200,pisco,-13.7,-76.2167,20.57,77,100,3.6,PE,1695835331
201,ciudad acuna,29.3232,-100.9522,33.01,54,0,5.14,MX,1695835488
202,codrington,-38.2667,141.9667,7.55,96,8,3.54,AU,1695835489
203,taoudenni,22.6783,-3.9836,43.94,6,25,1.7,ML,1695835281
204,winnemucca,40.973,-117.7357,18.03,29,0,2.06,US,1695835483
205,lent'ekhi,42.7856,42.7261,15.63,71,4,2.66,GE,1695835490
206,yagoua,10.3411,15.2329,30.73,50,100,3.01,CM,1695835490
207,ust-nera,64.5667,143.2,3.21,97,99,3.78,RU,1695835491
208,ulanhot,46.0833,122.0833,10.34,65,0,6.29,CN,1695835491
209,port-cartier,50.0334,-66.8654,20.12,44,10,1.86,CA,1695835491
210,surgut,61.25,73.4167,7.17,70,40,3.13,RU,1695835492
211,askino,56.0901,56.5783,10.63,71,99,2.46,RU,1695835492
212,birni n konni,13.7956,5.2553,38.13,26,79,1.15,NE,1695835493
213,howrah,22.5892,88.3103,30.0,84,40,2.57,IN,1695835493
214,concepcion,-36.827,-73.0498,12.89,67,40,5.66,CL,1695835330
215,atafu village,-8.5421,-172.5159,27.94,77,16,3.62,TK,1695835494
216,humberto de campos,-2.5983,-43.4611,32.66,48,54,5.99,BR,1695835494
217,sakakah,29.9697,40.2064,33.76,12,1,2.75,SA,1695835495
218,bereznik,62.8551,42.7072,11.2,88,1,2.48,RU,1695835495
219,port blair,11.6667,92.75,26.02,89,75,2.06,IN,1695835496
220,kununurra,-15.7667,128.7333,23.99,73,75,0.0,AU,1695835496
221,zadar,44.1197,15.2422,25.34,41,0,5.66,HR,1695835496
222,holdenville,35.0804,-96.3992,31.28,45,0,3.55,US,1695835497
223,sao vicente,-23.9631,-46.3919,29.1,89,40,1.54,BR,1695835497
224,whitehorse,60.7161,-135.0538,6.43,94,100,0.0,CA,1695835498
225,fiche,9.8,38.7333,11.5,76,45,2.33,ET,1695835498
226,bengkulu,-3.8004,102.2655,22.74,95,36,1.45,ID,1695835498
227,miri,4.4148,114.0089,25.08,94,40,1.03,MY,1695835499
228,arawa,-6.2132,155.5367,24.77,92,100,1.61,PG,1695835499
229,mungyeong,36.5946,128.1995,21.65,95,60,1.76,KR,1695835500
230,sisimiut,66.9395,-53.6735,3.07,93,100,1.47,GL,1695835500
231,constantia,44.1833,28.65,21.5,64,28,9.32,RO,1695835500
232,messini,37.0511,22.0078,23.43,78,75,2.57,GR,1695835501
233,laojunmiao,39.8333,97.7333,10.29,32,16,0.61,CN,1695835501
234,spring creek,40.7266,-115.5859,16.89,18,16,3.18,US,1695835502
235,rawson,-43.3002,-65.1023,17.51,29,100,5.92,AR,1695835442
236,san pedro pochutla,15.7333,-96.4667,31.84,53,9,2.07,MX,1695835503
237,mugia,43.1041,-9.2179,21.76,95,100,5.48,ES,1695835504
238,avarua,-21.2078,-159.775,23.03,83,45,6.17,CK,1695835504
239,fundao,-19.9341,-40.4047,31.74,28,79,3.8,BR,1695835504
240,borgo,46.0514,11.4544,23.03,64,29,0.98,IT,1695835505
241,aginskoye,51.1,114.53,6.21,91,63,5.13,RU,1695835505
242,zapolyarnyy,69.4154,30.8136,10.6,88,88,1.07,RU,1695835505
243,dubovskoye,47.4092,42.7575,20.34,38,0,3.82,RU,1695835506
244,kerikeri,-35.2268,173.9474,9.39,92,80,3.9,NZ,1695835506
245,languyan,5.2618,120.0807,26.34,82,9,2.0,PH,1695835507
246,i-n-salah,27.1935,2.4607,37.98,14,3,5.16,DZ,1695835507
247,khandyga,62.6667,135.6,5.56,80,99,2.18,RU,1695835508
248,nahf,32.9333,35.3167,25.03,82,0,1.79,IL,1695835508
249,monrovia,6.3005,-10.7969,29.87,77,29,4.01,LR,1695835508
250,saldanha,-33.0117,17.9442,17.03,74,0,4.03,ZA,1695835509
251,kodiak,57.79,-152.4072,7.73,49,0,4.63,US,1695835509
252,uliastay,47.7417,96.8444,-1.93,97,100,0.81,MN,1695835510
253,qarawul,37.2202,68.7804,22.16,18,100,2.76,AF,1695835510
254,qui nhon,13.7667,109.2333,26.05,87,100,2.43,VN,1695835510
255,plymstock,50.36,-4.0905,17.03,87,71,6.26,GB,1695835511
256,inarajan village,13.2736,144.7484,26.54,79,100,5.7,GU,1695835511
257,cururupu,-1.8283,-44.8683,31.11,55,61,4.09,BR,1695835512
258,aioun,16.6614,-9.6149,39.89,20,51,1.71,MR,1695835512
259,flying fish cove,-10.4217,105.6791,23.82,88,75,5.66,CX,1695835513
260,palmer,42.1584,-72.3287,20.35,47,40,5.14,US,1695835370
261,bei'an,24.5399,109.533,25.15,85,90,1.71,CN,1695835514
262,sale,34.0389,-6.8166,24.38,78,20,2.57,MA,1695835514
263,salinopolis,-0.6136,-47.3561,29.8,63,60,6.1,BR,1695835515
264,kharp,66.8014,65.8081,3.15,91,100,1.35,RU,1695835515
265,uruzgan,32.8333,66.0,16.11,15,0,1.04,AF,1695835515
266,anshun,26.25,105.9333,18.22,96,99,0.58,CN,1695835516
267,mount pleasant,32.7941,-79.8626,24.61,82,75,5.66,US,1695835516
268,el calafate,-50.3408,-72.2768,3.05,97,100,2.42,AR,1695835517
269,plastun,44.7561,136.2939,12.51,86,100,1.64,RU,1695835517
270,hammerfest,70.6634,23.6821,9.25,100,40,4.63,NO,1695835518
271,bikenibeu village,1.3673,173.1241,25.98,94,40,1.03,KI,1695835518
272,banjaran,-7.0453,107.5878,21.36,64,70,1.01,ID,1695835518
273,grand falls-windsor,48.9332,-55.6649,18.41,43,32,4.22,CA,1695835519
274,roquetas de mar,36.7642,-2.6148,24.78,70,3,2.56,ES,1695835519
275,marsh harbour,26.5412,-77.0636,28.83,69,93,4.59,BS,1695835520
276,newman,37.3138,-121.0208,21.8,54,1,2.68,US,1695835321
277,hotan,37.0997,79.9269,18.38,19,23,2.54,CN,1695835520
278,khilok,51.3674,110.4676,6.46,87,100,1.32,RU,1695835521
279,namibe,-15.1961,12.1522,19.36,85,55,2.94,AO,1695835521
280,pagar alam,-4.0167,103.2667,20.1,78,38,1.1,ID,1695835522
281,al qadarif,14.0349,35.3834,28.27,62,53,2.97,SD,1695835522
282,zaozersk,69.4005,32.4476,9.29,90,74,2.26,RU,1695835522
283,taro,-8.3862,115.28,22.0,92,95,0.84,ID,1695835523
284,hilo,19.7297,-155.09,24.6,89,100,3.09,US,1695835523
285,kruisfontein,-34.0033,24.7314,12.71,77,3,1.57,ZA,1695835524
286,vega de alatorre,20.0333,-96.6333,31.2,57,11,4.15,MX,1695835524
287,shimoda,34.6667,138.95,22.28,86,37,2.24,JP,1695835525
288,sao felix do xingu,-6.6447,-51.995,40.52,23,25,0.59,BR,1695835525
289,sirte,31.2089,16.5887,25.04,64,47,6.06,LY,1695835526
290,keflavik,64.0049,-22.5624,12.24,82,75,6.69,IS,1695835526
291,prairie grove,35.9759,-94.3177,30.05,46,0,4.12,US,1695835526
292,juan de acosta,10.8281,-75.0334,33.77,64,52,2.07,CO,1695835527
293,senador jose porfirio,-2.5908,-51.9542,36.86,35,14,0.73,BR,1695835527
294,mabaruma,8.2,-59.7833,31.68,61,39,2.34,GY,1695835528
295,chimoio,-19.1164,33.4833,21.92,88,40,5.14,MZ,1695835528
296,saynshand,44.8824,110.1163,9.69,41,0,1.22,MN,1695835528
297,ayorou,14.7308,0.9174,42.24,10,27,2.52,NE,1695835529
298,egilsstadir,65.2653,-14.3948,8.95,76,40,1.54,IS,1695835529
299,tazacorte,28.629,-17.9293,26.54,78,20,5.14,ES,1695835529
300,seaside,36.6111,-121.8516,21.88,74,0,2.68,US,1695835530
301,askoy,60.4092,5.226,14.97,100,20,4.12,NO,1695835530
302,crucecita,-28.95,-58.9833,20.58,41,0,4.96,AR,1695835530
303,soio,-6.1349,12.3689,24.36,82,48,4.28,AO,1695835531
304,richards bay,-28.783,32.0377,17.99,71,83,2.29,ZA,1695835399
305,viseu,40.661,-7.9097,24.3,47,100,2.46,PT,1695835386
306,silver springs,29.1044,-82.0206,31.1,76,90,0.45,US,1695835532
307,praya,14.9215,-23.5087,31.3,62,40,4.63,CV,1695835532
308,pundong,-7.9522,110.3486,22.87,92,99,1.09,ID,1695835533
309,tadine,-21.55,167.8833,18.19,65,13,4.88,NC,1695835533
310,chonchi,-42.6128,-73.8092,10.62,94,100,4.46,CL,1695835533
311,qaqortoq,60.7167,-46.0333,1.92,97,100,3.66,GL,1695835534
312,red deer,52.2668,-113.802,14.27,47,0,3.09,CA,1695835203
313,warah,27.4481,67.7978,32.55,27,11,3.44,PK,1695835534
314,vila franca do campo,37.7167,-25.4333,24.38,99,65,6.45,PT,1695835535
315,dudinka,69.4058,86.1778,-2.43,79,19,4.0,RU,1695835535
316,crane,31.3974,-102.3501,29.62,43,9,5.59,US,1695835536
317,punta arenas,-53.15,-70.9167,4.06,56,75,4.12,CL,1695835261
318,maiduguri,11.8464,13.1603,36.26,19,32,3.69,NG,1695835536
319,wajir,1.7471,40.0573,31.98,40,0,3.09,KE,1695835537
320,las palmas,28.4204,-14.0131,24.44,65,20,8.23,ES,1695835537
321,batticaloa,7.7102,81.6924,26.71,78,100,1.97,LK,1695835538
322,flin flon,54.7682,-101.865,17.91,68,75,4.63,CA,1695835538
323,tazovsky,67.4667,78.7,0.09,95,100,3.29,RU,1695835539
324,makawao,20.8569,-156.3131,22.91,71,40,0.89,US,1695835539
325,bodaybo,57.8506,114.1933,8.26,90,100,1.01,RU,1695835539
326,gadzhiyevo,69.2551,33.3362,9.72,89,57,3.12,RU,1695835540
327,praia da vitoria,38.7333,-27.0667,25.14,78,40,13.15,PT,1695835540
328,lee's summit,38.9108,-94.3822,26.83,54,0,2.24,US,1695835341
329,noumea,-22.2763,166.4572,21.67,99,68,4.03,NC,1695834913
330,horta,38.5333,-28.6333,23.8,90,40,8.94,PT,1695835541
331,rosso,16.4986,-15.8153,36.67,35,54,6.38,SN,1695835542
332,ancud,-41.8697,-73.8203,9.46,91,100,8.46,CL,1695835542
333,carnarvon,-24.8667,113.6333,20.59,85,74,5.97,AU,1695835542
334,novaya ladoga,60.1025,32.3019,14.24,70,100,4.19,RU,1695835543
335,kimovsk,53.9716,38.5319,13.24,57,9,1.43,RU,1695835543
336,nabire,-3.3667,135.4833,24.88,92,95,1.5,ID,1695835544
337,mantua,45.1667,10.7833,27.58,59,6,0.45,IT,1695835544
338,kudat,6.8837,116.8477,25.16,100,19,1.03,MY,1695835544
339,vilyuchinsk,52.9306,158.4028,1.15,74,87,2.59,RU,1695835545
340,pimentel,-6.8367,-79.9342,26.16,57,0,7.2,PE,1695835545
341,palikir - national government center,6.9248,158.1611,24.41,100,100,1.54,FM,1695835546
342,palu,-0.8917,119.8707,24.42,94,95,1.73,ID,1695835546
343,kolonia,50.9333,6.95,23.36,61,0,3.6,DE,1695835322
344,zanjan,36.6736,48.4787,13.44,69,3,3.24,IR,1695835547
345,santa cruz cabralia,-16.2781,-39.0247,30.13,66,20,7.72,BR,1695835547
346,tallahassee,30.4383,-84.2807,25.48,90,100,3.6,US,1695834899
347,zarah sharan,33.1467,68.7917,14.15,13,0,4.09,AF,1695835548
348,ponta delgada,37.7333,-25.6667,24.55,88,40,6.69,PT,1695835548
349,sao luiz gonzaga,-28.4083,-54.9608,16.51,67,85,5.89,BR,1695835549
350,olyokminsk,60.3736,120.4264,4.75,79,82,1.84,RU,1695835549
351,haugesund,59.4138,5.268,15.23,77,75,3.09,NO,1695835549
352,pont rouge,48.8833,-72.0825,17.06,47,0,0.91,CA,1695835550
353,fair plain,42.087,-86.4559,20.06,81,75,6.69,US,1695835550
354,cozumel,20.5083,-86.9458,32.04,76,40,4.12,MX,1695835550
355,bouarfa,32.53,-1.95,28.23,17,0,6.82,MA,1695835280
356,lata,40.1629,-8.3327,26.07,49,92,3.0,PT,1695835551
357,arraias,-12.9288,-46.9437,34.1,28,40,2.99,BR,1695835551
358,saipan,15.1355,145.701,28.39,83,40,4.12,MP,1695835476
359,sinabang,2.4803,96.3801,26.03,81,100,2.66,ID,1695835552
360,puerto leguizamo,-0.1934,-74.7819,36.59,38,9,1.62,CO,1695835552
361,trondheim,63.4305,10.3951,13.05,94,99,2.12,NO,1695835553
362,zheleznodorozhnyy,55.7503,38.0042,13.23,59,13,1.35,RU,1695835553
363,pariaman,-0.619,100.12,24.03,87,49,2.25,ID,1695835554
364,general roca,-39.0333,-67.5833,22.57,28,80,3.84,AR,1695835554
365,kavieng,-2.5744,150.7967,26.01,87,100,4.15,PG,1695835402
366,oamaru,-45.0784,170.9801,6.32,90,100,1.23,NZ,1695835555
367,uturoa,-16.7333,-151.4333,25.67,78,15,9.31,PF,1695835555
368,alaghsas,17.0187,8.0168,39.47,6,17,8.33,NE,1695835314
369,galesong,-5.3166,119.3661,26.01,54,96,1.22,ID,1695835556
370,selkirk,50.1436,-96.8845,21.16,68,0,3.58,CA,1695835556
371,port lincoln,-34.7333,135.8667,12.52,80,0,3.09,AU,1695835557
372,beau vallon,-20.4189,57.6953,23.13,78,75,5.14,MU,1695835557
373,ikom,5.9667,8.7063,26.18,91,97,1.22,NG,1695835557
374,tagta,41.6504,59.9164,18.97,48,0,3.09,TM,1695835558
375,sitka,57.0531,-135.33,11.94,94,100,2.06,US,1695835558
376,rikaze,29.25,88.8833,12.79,46,0,1.96,CN,1695835559
377,macau,22.2006,113.5461,29.92,84,40,3.09,MO,1695835379
378,mili,6.0815,171.735,28.43,75,91,3.3,MH,1695835559
379,poronaysk,49.2167,143.1167,10.81,94,22,1.28,RU,1695835560
380,lorengau,-2.0226,147.2712,26.29,86,96,3.09,PG,1695835560
381,leninskiy,54.2781,37.4558,13.27,60,8,1.25,RU,1695835561
382,odda,60.0691,6.5457,15.43,84,98,1.96,NO,1695835561
383,mahdishahr,35.7108,53.3556,15.84,61,79,2.55,IR,1695835562
384,murzuq,25.9155,13.9184,28.38,18,0,0.97,LY,1695835562
385,san fernando de apure,7.8878,-67.4724,33.33,57,4,1.69,VE,1695835563
386,laguna,38.421,-121.4238,25.35,64,0,2.57,US,1695835563
387,kargil,34.5667,76.1,9.96,29,11,2.74,IN,1695835564
388,kavaratti,10.5669,72.642,28.1,76,100,6.6,IN,1695835564
389,misliyah,17.4599,42.5572,32.46,60,7,1.7,SA,1695835564
390,oltinko'l,40.8011,72.1634,21.28,23,83,1.72,UZ,1695835565
391,kittila,67.6647,24.8936,11.08,93,100,4.63,FI,1695835324
392,pangani,-5.4333,38.9667,25.01,85,2,5.77,TZ,1695835566
393,jindabyne,-36.4167,148.6333,5.22,94,30,1.12,AU,1695835566
394,rongelap,11.1635,166.8941,28.31,75,95,3.04,MH,1695835281
395,irtyshsk,53.3333,75.4572,12.73,85,88,3.67,KZ,1695835567
396,illizi,26.4833,8.4667,34.89,14,0,6.8,DZ,1695835567
397,bo rai,12.5728,102.5371,23.15,100,100,1.73,TH,1695835567
398,mianyang,31.4593,104.7542,19.38,90,100,1.05,CN,1695835568
399,notodden,59.5594,9.2585,14.28,85,20,0.0,NO,1695835568
400,challapata,-18.9,-66.7667,17.69,21,4,6.57,BO,1695835569
401,ijebu-igbo,6.9798,4.0033,30.75,85,91,1.99,NG,1695835569
402,zhanaozen,43.3,52.8,21.27,32,0,3.18,KZ,1695835570
403,karabash,55.4808,60.2157,11.33,77,100,1.83,RU,1695835570
404,protaras,35.0125,34.0583,28.32,90,0,3.82,CY,1695835570
405,ta`u,-14.2336,-169.5144,26.1,73,64,7.12,AS,1695835571
406,kitimat,54.0524,-128.6534,13.21,62,100,1.34,CA,1695835571
407,hovd,48.0056,91.6419,-2.49,68,26,3.6,MN,1695835571
408,lae,-6.7221,146.9847,24.42,89,100,0.7,PG,1695835572
409,puerto deseado,-47.7503,-65.8938,11.76,49,100,4.96,AR,1695835572
410,brokopondo,4.75,-55.1667,33.62,45,94,1.17,SR,1695835573
411,mersing,2.4312,103.8405,25.95,78,20,3.6,MY,1695835574
412,tayu,-6.5397,111.0518,25.65,75,58,3.83,ID,1695835574
413,fortuna,40.5982,-124.1573,15.52,96,100,0.0,US,1695835574
414,hancheng,32.5186,112.3522,19.72,79,85,2.45,CN,1695835575
415,bollnas,61.3482,16.3946,13.9,87,43,4.29,SE,1695835576
416,golpayegan,33.4537,50.2884,18.62,24,5,1.62,IR,1695835577
417,paidha,2.4167,30.9855,16.98,93,54,1.67,UG,1695835577
418,cidreira,-30.1811,-50.2056,16.12,77,100,8.56,BR,1695835578
419,mwinilunga,-11.7358,24.4293,22.74,52,99,2.97,ZM,1695835578
420,raja,8.4596,25.678,23.03,87,92,1.57,SS,1695835578
421,baker city,44.7749,-117.8344,15.84,41,20,4.12,US,1695835332
422,thunder bay,48.4001,-89.3168,18.95,68,20,5.66,CA,1695835319
423,rivne,50.6231,26.2274,21.15,51,9,3.24,UA,1695835579
424,naryn,41.4287,75.9911,9.84,28,1,2.64,KG,1695835580
425,aripuana,-9.1667,-60.6333,38.18,27,22,1.07,BR,1695835580
426,hasaki,35.7333,140.8333,24.05,89,34,3.56,JP,1695835581
427,talata mafara,12.5732,6.0597,35.01,40,31,0.89,NG,1695835581
428,den burg,53.0542,4.7972,20.54,79,100,4.12,NL,1695835582
429,anyang-si,37.3925,126.9269,21.69,100,75,0.51,KR,1695835582
430,cill airne,52.05,-9.5167,15.03,94,100,12.35,IE,1695835583
431,ngaoundere,7.3167,13.5833,21.44,85,80,0.82,CM,1695835583
432,portage,41.1667,-81.1998,20.54,75,75,3.6,US,1695835584
433,kurara,25.9833,79.9833,30.98,54,76,0.55,IN,1695835584
434,dunedin,-45.8742,170.5036,5.45,92,100,0.89,NZ,1695835585
435,paradip garh,20.3167,86.6167,28.05,82,100,3.36,IN,1695835585
436,zabol,32.25,67.25,15.84,13,0,5.28,AF,1695835585
437,naranjal,-2.6667,-79.6167,30.15,64,83,1.45,EC,1695835586
438,yelizovo,53.1873,158.3805,1.08,86,0,5.0,RU,1695835586
439,dwarka,22.2394,68.9678,27.28,75,4,4.65,IN,1695835587
440,suomussalmi,64.8869,28.9078,11.44,95,100,3.04,FI,1695835587
441,toliara,-23.35,43.6667,23.62,79,47,3.89,MG,1695835587
442,la union,-5.4,-80.75,28.81,43,3,4.89,PE,1695835588
443,dauphin,51.1494,-100.0502,20.08,68,75,6.17,CA,1695835528
444,grand-bassam,5.2118,-3.7388,27.98,78,57,3.66,CI,1695835589
445,turkmenbasy,40.0222,52.9552,22.43,33,0,5.14,TM,1695835589
446,east london,-33.0153,27.9116,16.3,72,95,8.97,ZA,1695835589
447,trebic,49.2149,15.8817,21.34,53,0,5.14,CZ,1695835590
448,rutland,43.6167,-73.0162,20.14,61,0,1.54,US,1695835590
449,susuman,62.7833,148.1667,-2.55,94,22,1.98,RU,1695835590
450,mejit,10.2753,170.8646,27.5,81,99,3.84,MH,1695835591
451,kishni,27.0247,79.2634,28.64,56,1,1.68,IN,1695835591
452,villa gesell,-37.2639,-56.973,16.14,60,12,4.57,AR,1695835591
453,mana,5.6592,-53.7767,32.23,62,58,5.51,GF,1695835592
454,bam,29.106,58.357,27.36,9,84,1.47,IR,1695835592
455,taroa,8.7058,171.2275,28.33,78,90,3.76,MH,1695835592
456,arraial do cabo,-22.9661,-42.0278,31.92,58,75,4.63,BR,1695835487
457,virac,13.6333,124.2167,22.45,86,24,1.63,PH,1695835593
458,natal,-5.795,-35.2094,30.36,61,40,6.17,BR,1695835378
459,kadom,54.5592,42.4675,11.51,69,44,1.9,RU,1695835594
460,les avirons,-21.2418,55.3394,22.05,69,0,9.26,RE,1695835594
461,kangding,30.0513,101.9603,13.69,99,99,1.4,CN,1695835595
462,saint-philippe,-21.3585,55.7679,23.77,80,27,5.72,RE,1695835595
463,antigonish,45.6169,-61.9986,16.57,79,0,1.34,CA,1695835160
464,maswa,-2.6833,33.9833,27.97,42,90,4.05,TZ,1695835595
465,edd,13.9297,41.6925,33.71,63,60,3.33,ER,1695835596
466,ke-macina,13.9623,-5.3572,39.35,21,18,1.41,ML,1695835596
467,port augusta,-32.5,137.7667,10.54,69,0,2.96,AU,1695835597
468,cobija,-11.0267,-68.7692,35.1,52,40,4.12,BO,1695835597
469,dubbo,-32.25,148.6167,8.07,81,8,4.12,AU,1695835530
470,castelli,-25.9468,-60.6195,24.99,26,42,3.09,AR,1695835598
471,saint croix,17.7397,-64.7388,32.25,75,40,7.2,VI,1695835598
472,ardestan,33.3761,52.3694,21.86,22,0,2.21,IR,1695835598
473,colonia,50.9333,6.95,23.36,62,0,3.6,DE,1695835599
474,dawei,14.0833,98.2,24.35,97,100,2.31,MM,1695835599
475,dakoutun,39.5833,117.2289,15.98,61,5,1.36,CN,1695835599
476,ballina,-28.8667,153.5667,19.32,86,24,2.72,AU,1695835600
477,kalmunai,7.4167,81.8167,25.96,82,100,5.24,LK,1695835600
478,callao,-12.0667,-77.15,21.16,68,75,3.6,PE,1695835601
479,lobujya,27.95,86.8167,-0.26,84,47,0.62,NP,1695835601
480,champerico,14.3,-91.9167,34.3,70,38,3.7,GT,1695835601
481,kill devil hills,36.0307,-75.676,22.21,80,100,8.23,US,1695835602
482,caleta de carquin,-11.0925,-77.6267,20.8,74,88,3.7,PE,1695835602
483,opuwo,-18.0607,13.84,27.45,13,0,2.91,NA,1695835602
484,jiexiu,37.0244,111.9125,16.68,68,2,2.32,CN,1695835603
485,buritizeiro,-17.3511,-44.9622,41.38,17,17,2.35,BR,1695835603
486,beipiao,41.7919,120.7792,12.85,32,0,1.69,CN,1695835603
487,nemuro,43.3236,145.575,16.45,87,100,3.93,JP,1695835604
488,brookings,44.3114,-96.7984,19.19,82,100,5.14,US,1695835339
489,berbera,10.4396,45.0143,31.69,71,37,3.38,SO,1695835604
490,darab,28.7519,54.5444,28.1,21,15,1.21,IR,1695835605
491,ochsenfurt,49.6643,10.0623,21.8,59,36,1.78,DE,1695835605
492,kencong,-8.2833,113.3667,23.08,93,88,0.29,ID,1695835605
493,launceston,-41.45,147.1667,8.78,93,40,4.12,AU,1695835606
494,hamilton,39.1834,-84.5333,21.78,93,100,3.09,US,1695835585
495,tongchuanshi,35.0806,109.0897,15.78,89,34,1.2,CN,1695835606
496,kolyvan',55.3053,82.7391,8.79,61,100,3.59,RU,1695835607
497,nueva imperial,-38.7333,-72.95,12.36,65,100,2.3,CL,1695835364
498,sinop,41.7711,34.8709,16.16,88,0,1.33,TR,1695835607
499,okhotsk,59.3833,143.3,5.13,76,89,1.85,RU,1695835608
500,kolonia town,6.964,158.206,25.0,100,100,1.54,FM,1695835609
501,obidos,-1.9175,-55.5181,38.8,28,37,3.3,BR,1695835609
502,nikol'sk,53.7189,46.0712,10.98,69,46,2.23,RU,1695835609
503,xiva,41.3783,60.3639,15.99,29,0,5.43,UZ,1695835610
504,benghazi,32.1167,20.0667,24.77,64,2,5.08,LY,1695835610
505,newborough,52.6389,-0.2233,20.06,83,40,5.14,GB,1695835611
506,whitecourt,54.1502,-115.6855,11.58,62,20,4.12,CA,1695835611
507,khorugh,37.4897,71.553,11.31,50,27,2.38,TJ,1695835611
508,caxias,38.7031,-9.2767,26.9,59,0,5.14,PT,1695835612
509,portoferraio,42.8115,10.3146,26.71,78,0,1.03,IT,1695835612
510,selendi,38.7444,28.8678,19.29,72,96,2.44,TR,1695835612
511,qarazhal,48.0078,70.7903,14.49,67,55,2.68,KZ,1695835613
512,okhansk,57.7186,55.3877,10.04,75,57,2.24,RU,1695835613
513,gebeit,21.0667,36.3167,33.17,23,47,2.58,SD,1695835613
514,pacocha,-17.5833,-71.3333,19.08,73,100,2.06,PE,1695835614
515,sola,-13.8833,167.55,25.05,82,100,10.89,VU,1695835614
516,acarau,-2.8856,-40.12,30.49,55,57,9.17,BR,1695835614
517,carlow,52.8408,-6.9261,16.18,87,93,14.53,IE,1695835615
518,hebron,31.5333,35.1,22.72,49,0,2.57,PS,1695835615
519,nizhnyaya salda,58.0776,60.7202,10.08,79,94,2.76,RU,1695835615
520,rufino,-34.2683,-62.7126,23.23,11,0,4.34,AR,1695835616
521,luena,-11.7833,19.9167,24.1,57,61,3.09,AO,1695835616
522,golfito,8.639,-83.166,30.57,67,92,1.93,CR,1695835616
523,boende,-0.2167,20.8667,23.78,92,85,2.4,CD,1695835617
524,naze,28.3667,129.4833,25.51,83,11,3.47,JP,1695835580
525,lodja,-3.4833,23.4333,23.41,83,100,0.8,CD,1695835617
526,n'zeto,-7.2312,12.8666,23.81,82,47,4.26,AO,1695835618
527,kamaishi,39.2667,141.8833,18.95,90,88,0.13,JP,1695835618
528,szczebrzeszyn,50.695,22.9795,18.33,48,10,3.07,PL,1695835618
529,ad dabbah,18.05,30.95,38.44,20,8,4.51,SD,1695835619
530,amalapuram,16.5833,82.0167,26.22,92,36,0.99,IN,1695835619
531,acapulco de juarez,16.8634,-99.8901,30.9,70,0,3.6,MX,1695835371
532,mitsamiouli,-11.3847,43.2844,26.16,78,20,7.72,KM,1695835620
533,west wodonga,-36.1257,146.8486,8.83,86,1,1.62,AU,1695835621
534,holualoa,19.6228,-155.9522,23.91,73,40,4.12,US,1695835621
535,hashtrud,37.4779,47.0508,16.34,39,1,1.93,IR,1695835621
536,shiqian,27.5225,108.2281,22.78,89,93,1.08,CN,1695835622
537,chinde,26.8418,88.0763,18.57,85,11,2.11,NP,1695835622
538,lazaro cardenas,17.9583,-102.2,30.66,67,7,1.55,MX,1695835623
539,strathalbyn,-35.2667,138.9,10.62,97,0,1.04,AU,1695835623
540,almeirim,-1.5233,-52.5817,37.46,32,52,2.23,BR,1695835623
541,haiku-pauwela,20.9219,-156.3051,25.02,71,40,0.89,US,1695835624
542,uray,60.1247,64.7758,12.71,71,100,3.58,RU,1695835624
543,namdrik,5.5994,168.1028,28.83,75,82,3.98,MH,1695835625
544,el paso,31.8001,-106.2005,27.78,43,20,2.57,US,1695835435
545,ambodifotatra,-16.9833,49.85,24.09,75,34,7.95,MG,1695835625
546,pampa,35.5362,-100.9599,31.98,32,0,4.68,US,1695835626
547,nagqu,31.5,92.0,1.82,80,65,1.95,CN,1695835626
548,aykhal,66.0,111.5,2.19,81,100,8.05,RU,1695835627
549,catalina foothills,32.2979,-110.9187,34.98,19,0,2.06,US,1695835441
550,bangjun,39.9911,117.2628,15.98,33,0,0.95,CN,1695835628
551,astrakhan,46.3497,48.0408,17.93,59,0,0.0,RU,1695835628
552,mount pearl,47.5166,-52.7813,11.64,74,100,3.09,CA,1695835628
553,zakamensk,50.3741,103.2863,5.04,94,100,0.9,RU,1695835629
554,carloforte,39.145,8.3058,22.96,76,1,6.65,IT,1695835629
555,choibalsan,48.0667,114.5,6.3,86,42,3.87,MN,1695835630
556,mranggen,-7.0268,110.5158,27.91,69,93,1.03,ID,1695835630
557,bani walid,31.7566,13.9942,24.34,52,64,7.3,LY,1695835631
558,pokhara,28.2333,83.9833,21.8,85,25,1.7,NP,1695835631
559,rukungiri,-0.8411,29.9419,17.65,90,89,0.56,UG,1695835632
560,ghadamis,30.1337,9.5007,27.04,33,0,5.21,LY,1695835632
561,inhambane,-23.865,35.3833,24.99,88,75,3.6,MZ,1695835633
562,shwebo,22.5667,95.7,28.23,79,74,1.34,MM,1695835634
563,lensk,60.7253,114.9278,4.41,75,100,2.56,RU,1695835634
564,arteche,12.2645,125.4048,25.13,92,92,1.96,PH,1695835634
565,ozery,54.86,38.5506,12.82,67,12,0.81,RU,1695835635
566,tolanaro,-25.0319,46.9987,23.04,83,20,10.8,MG,1695835635
567,pizarro,4.9533,-77.366,29.09,72,52,3.66,CO,1695835635
568,tezu,27.9167,96.1667,25.53,80,1,1.49,IN,1695835636
569,sumy,50.9216,34.8003,18.01,50,7,3.06,UA,1695835636
570,sur,22.5667,59.5289,27.82,51,0,2.12,OM,1695835637
571,kayes,14.0,-11.0,32.8,55,88,1.81,ML,1695835638
572,riviere-du-loup,47.8304,-69.5342,16.15,59,0,1.54,CA,1695835638
573,broome,42.2506,-75.833,19.79,67,0,3.13,US,1695835639
